bleu2,bleu4,epoch,meteor_score,rouge_1,rouge_2,rouge_l,step
11.509064674377441,0.0,0,30.59575843811035,7.897012710571289,0.0,7.897012710571289,0
